artistes,nb_diffusions,titres_differents,minutes_antenne
Tiakola,4,2,11.2
Leto,4,1,10.5
Tame Impala,3,2,10.1
Timal,4,1,9.3
Slimane,3,1,9.3
GIMS,3,1,9.0
Guy2bezbar,3,2,7.5
KAROL G,2,1,7.4
DJ Jordan MasterBoy,3,1,7.3
BIGBANG,2,1,7.3
Bad Bunny,2,1,6.1
disiz,2,1,5.8
Bouss,2,1,5.6
Vacra,2,1,5.5
PLK,2,1,5.4
Aya Nakamura,2,1,5.1
Lagui,2,1,4.7
Groove Crackers,2,1,4.5
Eminem,1,1,4.3
The Weeknd,1,1,4.2
Djaksparo,2,1,4.0
Arcade Player,1,1,3.9
Ed Marquis,1,1,3.8
Will Smith,1,1,3.7
Shakira,1,1,3.6
Beyoncé,1,1,3.4
Yuston XIII,1,1,3.4
Ariana Grande,1,1,3.2
TRIANGLE DES BERMUDES,1,1,3.2
Teddy Swims,1,1,3.2
Adèle Castillon,1,1,3.1
Stromae,1,1,3.1
Jok'air,1,1,3.0
Niska,1,1,2.8
Josas,1,1,2.7
Trinidad Cardona,1,1,2.6
"TK, Gims",1,1,2.5
kulturr,1,1,2.5
midnight Berlin,1,1,2.3
Gambi,1,1,2.2
JYEUHAIR,1,1,2.1
