artistes,titre,nb_diffusions,minutes_antenne
Leto,Pineapple,3,7.8
BIGBANG,LOSER,2,7.3
PLK,Pocahontas,2,5.4
Tiakola,Mélo Décalé,2,5.0
Lagui,Olivia Valere,2,4.7
Timal,Sicario,2,4.4
Eminem,Love The Way You Lie,1,4.3
The Weeknd,Timeless,1,4.2
Arcade Player,Ramenez la coupe à la maison (16-Bit Vegedream Emulation),1,3.9
Will Smith,"Men In Black (From ""Men In Black"" Soundtrack)",1,3.7
KAROL G,BbY WOW,1,3.7
Tiakola,La Nocturne,1,3.6
Shakira,Dai Dai,1,3.6
Yuston XIII,Histoire sans fin,1,3.4
Tame Impala,Dracula (with JENNIE),1,3.4
Tame Impala,Dracula,1,3.4
Beyoncé,Naughty Girl,1,3.4
TRIANGLE DES BERMUDES,"Mopao aye (feat. MC YOSHI, Mauvais Djo & Kokosvoice)",1,3.2
Ariana Grande,hate that i made you love me (ari lyric draft from bed),1,3.2
Slimane,Maladie,1,3.1
Adèle Castillon,Été avec toi,1,3.1
Jok'air,Fille à papa,1,3.0
GIMS,VIVE LA MONNAIE,1,3.0
Bad Bunny,NUEVAYoL,1,3.0
disiz,melodrama,1,2.9
Vacra,Fille à Papa,1,2.8
Niska,Allo Doudou,1,2.8
Guy2bezbar,Je pense à toi,1,2.8
Bouss,Cote à la hausse,1,2.8
Trinidad Cardona,Dinero,1,2.6
"TK, Gims",Coachella,1,2.5
Aya Nakamura,Sexy Nana,1,2.5
DJ Jordan MasterBoy,La petasse,1,2.4
midnight Berlin,Lovin On Me,1,2.3
Gambi,RENÉ CAOVILLA,1,2.2
JYEUHAIR,Peace - Nouvelle École,1,2.1
Guy2bezbar,Wagyu du Jap',1,1.9
