artistes,nb_jours,nb_diffusions,minutes
Tiakola,7,14,41.8
PLK,7,9,24.3
Vacra,6,11,30.4
Tame Impala,6,9,30.1
Leto,5,11,28.8
Aya Nakamura,5,10,25.3
Bad Bunny,5,7,21.3
Ariana Grande,5,5,16.0
Gambi,4,10,21.2
BIGBANG,4,7,25.4
KAROL G,4,7,26.0
Djaksparo,4,5,10.0
DJ Jordan MasterBoy,3,7,17.0
Slimane,3,7,21.7
Timal,3,7,16.5
Guy2bezbar,3,6,16.0
Bouss,3,4,11.2
Josas,3,4,10.8
Niska,3,4,11.1
The Weeknd,3,3,11.1
GIMS,2,6,18.9
Teddy Swims,2,3,9.7
Yuston XIII,2,3,10.3
disiz,2,3,8.7
Beyoncé,2,2,7.0
Cinco,2,2,5.2
Lagui,2,2,4.7
Mauvais djo,2,2,3.7
TRIANGLE DES BERMUDES,2,2,6.4
