artistes,titre,nb_jours,nb_diffusions
PLK,Pocahontas,5,7
Vacra,Fille à Papa,4,8
Tame Impala,Dracula (with JENNIE),4,6
Bad Bunny,NUEVAYoL,4,6
Djaksparo,Pangor (Swalalala),4,5
Aya Nakamura,Sexy Nana,3,8
Tiakola,Mélo Décalé,3,7
DJ Jordan MasterBoy,La petasse,3,7
Slimane,Maladie,3,6
Guy2bezbar,Je pense à toi,3,5
Gambi,RENÉ CAOVILLA,3,5
Tiakola,La Nocturne,3,3
Niska,Allo Doudou,3,3
Ariana Grande,hate that i made you love me (ari lyric draft from bed),3,3
Timal,Sicario,2,5
Leto,Pineapple,2,4
KAROL G,BbY WOW,2,4
Gambi,COACHELLA,2,4
Yuston XIII,Histoire sans fin,2,3
Josas,Deliciosa,2,3
Bouss,Cote à la hausse,2,3
Lagui,Olivia Valere,2,2
