artistes,titre,nb_diffusions,duree_moy_s,duree_min_s,duree_max_s
KAROL G,BbY WOW,3,223.0,223,223
BIGBANG,LOSER,2,218.0,218,218
Tiakola,La Nocturne,2,216.0,216,216
Yuston XIII,Histoire sans fin,2,205.0,205,205
Tame Impala,Dracula (with JENNIE),5,201.0,201,201
Ariana Grande,hate that i made you love me (ari lyric draft from bed),2,192.0,192,192
Slimane,Maladie,3,186.0,186,186
Bad Bunny,NUEVAYoL,5,182.2,182,183
GIMS,VIVE LA MONNAIE,4,180.8,178,186
disiz,melodrama,2,174.0,174,174
Guy2bezbar,Je pense à toi,4,170.0,170,170
Bouss,Cote à la hausse,2,168.0,168,168
Niska,Allo Doudou,2,167.0,167,167
Vacra,Fille à Papa,7,166.0,166,166
Josas,Deliciosa,3,162.0,162,162
PLK,Pocahontas,6,162.0,162,162
Leto,Pineapple,4,157.0,157,157
Aya Nakamura,Sexy Nana,8,152.0,152,152
Tiakola,Mélo Décalé,7,151.3,151,153
DJ Jordan MasterBoy,La petasse,5,146.0,146,146
Lagui,Olivia Valere,2,141.5,121,162
Timal,Sicario,5,140.0,121,147
Groove Crackers,Players,2,136.0,136,136
Gambi,RENÉ CAOVILLA,3,131.0,131,131
Gambi,COACHELLA,2,121.0,121,121
Djaksparo,Pangor (Swalalala),4,120.5,119,121
