uid,titre,duree,date,heure
7699829,Ready Or Not,218,2026-10-02,8
7699367,Stay,229,2026-10-02,2
7699217,She Doesn't Mind,223,2026-10-01,23
7699021,Histoire sans fin,151,2026-10-01,17
7698731,Pilé,147,2026-10-01,14
697637,La pétasse,121,2026-10-01,7
697623,Dai Dai,121,2026-10-01,6
7697613,BIR HAKEIM,234,2026-09-30,22
7697611,Pilé,147,2026-09-30,22
7697479,Maladie,121,2026-09-30,17
7696543,Pilé,147,2026-09-30,6
697383,Fille à Papa,121,2026-09-30,5
7696081,Pilé,147,2026-09-29,22
697343,Olivia Valere,121,2026-09-29,17
7695969,BbY WOW,121,2026-09-29,17
7695537,BIR HAKEIM,234,2026-09-29,12
697161,Maladie,121,2026-09-29,6
7694985,Rockabye,190,2026-09-29,5
7694981,Rockabye,190,2026-09-29,5
7694769,Baraque au Bled,186,2026-09-29,1
7694761,I Know What You Want,280,2026-09-29,1
7694739,Dangerous,267,2026-09-29,0
7694655,Bir Hakeim,234,2026-09-29,3
7694619,Baraque au Bled,186,2026-09-29,2
7694607,Pilé,147,2026-09-29,2
