album,artistes,nb_diffusions
Sexy Nana,Aya Nakamura,8
Fille à Papa,Vacra,8
Mélo Décalé,Tiakola,7
Grand Garçon,PLK,7
La petasse,DJ Jordan MasterBoy,6
DeBÍ TiRAR MáS FOToS,Bad Bunny,6
Sicario,Timal,5
Jeunesse Dorée,Guy2bezbar,5
Dracula (with JENNIE),Tame Impala,5
VIVE LA MONNAIE,GIMS,4
Pineapple,Leto,4
Pangor (Swalalala),Djaksparo,4
hate that i made you love me,Ariana Grande,3
RENÉ CAOVILLA,Gambi,3
NO ME ARREPIENTO DE SENTIR TANTO,KAROL G,3
Les Enfants du Chaos,Yuston XIII,3
Et si j'échoue ??,Bouss,3
Deliciosa,Josas,3
Chroniques d’un cupidon,Slimane,3
melodrama,disiz,2
